{"nodes":null,"selection":null,"view":{"scroll":{"x":-241.4527587890625,"y":-162.116607666015625},"visible_rect":{"max":{"x":964.72979736328125,"y":522.51123046875},"min":{"x":-321.937042236328125,"y":-216.155502319335938}},"zoom":0.749999880790710449}}