{"nodes":null,"selection":null,"view":{"scroll":{"x":-136.000015258789062,"y":-0},"visible_rect":{"max":{"x":35.5428581237792969,"y":4},"min":{"x":-15.5428590774536133,"y":-0}},"zoom":8.75}}